<TaskerData sr="" dvi="1" tv="6.2.22">
	<Profile sr="prof7" ve="2">
		<cdate>1704455214366</cdate>
		<edate>1708187435133</edate>
		<flags>8</flags>
		<id>7</id>
		<mid0>2</mid0>
		<mid1>6</mid1>
		<nme>ChargingLvLlimit</nme>
		<State sr="con0" ve="2">
			<code>10</code>
			<Int sr="arg0" val="0"/>
		</State>
	</Profile>
	<Project sr="proj0" ve="2">
		<cdate>1704453727735</cdate>
		<mdate>1704567176547</mdate>
		<name>Base</name>
		<pids>7</pids>
		<tids>6,2,3,4,5,8</tids>
		<Img sr="icon" ve="2">
			<nme>mw_action_home</nme>
		</Img>
	</Project>
	<Task sr="task2">
		<cdate>1704454528364</cdate>
		<edate>1708187432157</edate>
		<id>2</id>
		<nme>ChargingOnBetter</nme>
		<pri>100</pri>
		<Action sr="act0" ve="7">
			<code>130</code>
			<Str sr="arg0" ve="3">BatteryVoltageSet</Str>
			<Int sr="arg1">
				<var>%priority</var>
			</Int>
			<Int sr="arg10" val="1"/>
			<Str sr="arg2" ve="3"/>
			<Str sr="arg3" ve="3"/>
			<Str sr="arg4" ve="3"/>
			<Int sr="arg5" val="0"/>
			<Int sr="arg6" val="0"/>
			<Str sr="arg7" ve="3"/>
			<Int sr="arg8" val="0"/>
			<Int sr="arg9" val="0"/>
		</Action>
		<Action sr="act1" ve="7">
			<code>339</code>
			<Bundle sr="arg0">
				<Vals sr="val">
					<net.dinglisch.android.tasker.RELEVANT_VARIABLES>&lt;StringArray sr=""&gt;&lt;_array_net.dinglisch.android.tasker.RELEVANT_VARIABLES0&gt;%http_cookies
Cookies
The cookies the server sent in the response in the Cookie:COOKIE_VALUE format. You can use this directly in the 'Headers' field of the HTTP Request action&lt;/_array_net.dinglisch.android.tasker.RELEVANT_VARIABLES0&gt;&lt;_array_net.dinglisch.android.tasker.RELEVANT_VARIABLES1&gt;%http_data
Data
Data that the server responded from the HTTP request.&lt;/_array_net.dinglisch.android.tasker.RELEVANT_VARIABLES1&gt;&lt;_array_net.dinglisch.android.tasker.RELEVANT_VARIABLES2&gt;%http_file_output
File Output
Will always contain the file's full path even if you specified a directory as the File to save.&lt;/_array_net.dinglisch.android.tasker.RELEVANT_VARIABLES2&gt;&lt;_array_net.dinglisch.android.tasker.RELEVANT_VARIABLES3&gt;%http_response_code
Response Code
The HTTP Code the server responded&lt;/_array_net.dinglisch.android.tasker.RELEVANT_VARIABLES3&gt;&lt;_array_net.dinglisch.android.tasker.RELEVANT_VARIABLES4&gt;%http_headers()
Response Headers
The HTTP Headers the server sent in the response. Each header is in the 'key:value' format&lt;/_array_net.dinglisch.android.tasker.RELEVANT_VARIABLES4&gt;&lt;_array_net.dinglisch.android.tasker.RELEVANT_VARIABLES5&gt;%http_response_length
Response Length
The size of the response in bytes&lt;/_array_net.dinglisch.android.tasker.RELEVANT_VARIABLES5&gt;&lt;/StringArray&gt;</net.dinglisch.android.tasker.RELEVANT_VARIABLES>
					<net.dinglisch.android.tasker.RELEVANT_VARIABLES-type>[Ljava.lang.String;</net.dinglisch.android.tasker.RELEVANT_VARIABLES-type>
				</Vals>
			</Bundle>
			<Int sr="arg1" val="0"/>
			<Int sr="arg10" val="0"/>
			<Int sr="arg11" val="0"/>
			<Int sr="arg12" val="1"/>
			<Str sr="arg2" ve="3">http://192.168.X.Y/cm?cmnd=Power%20On</Str>
			<Str sr="arg3" ve="3"/>
			<Str sr="arg4" ve="3"/>
			<Str sr="arg5" ve="3"/>
			<Str sr="arg6" ve="3"/>
			<Str sr="arg7" ve="3"/>
			<Int sr="arg8" val="30"/>
			<Int sr="arg9" val="0"/>
		</Action>
		<Action sr="act2" ve="7">
			<code>37</code>
			<coll>true</coll>
			<ConditionList sr="if">
				<Condition sr="c0" ve="3">
					<lhs>%BATT</lhs>
					<op>6</op>
					<rhs>%BATT_MAX</rhs>
				</Condition>
			</ConditionList>
		</Action>
		<Action sr="act3" ve="7">
			<code>30</code>
			<Int sr="arg0" val="0"/>
			<Int sr="arg1" val="0"/>
			<Int sr="arg2" val="1"/>
			<Int sr="arg3" val="0"/>
			<Int sr="arg4" val="0"/>
		</Action>
		<Action sr="act4" ve="7">
			<code>135</code>
			<Int sr="arg0" val="0"/>
			<Int sr="arg1" val="3"/>
			<Str sr="arg2" ve="3"/>
		</Action>
		<Action sr="act5" ve="7">
			<code>38</code>
		</Action>
		<Action sr="act6" ve="7">
			<code>339</code>
			<Bundle sr="arg0">
				<Vals sr="val">
					<net.dinglisch.android.tasker.RELEVANT_VARIABLES>&lt;StringArray sr=""&gt;&lt;_array_net.dinglisch.android.tasker.RELEVANT_VARIABLES0&gt;%http_cookies
Cookies
The cookies the server sent in the response in the Cookie:COOKIE_VALUE format. You can use this directly in the 'Headers' field of the HTTP Request action&lt;/_array_net.dinglisch.android.tasker.RELEVANT_VARIABLES0&gt;&lt;_array_net.dinglisch.android.tasker.RELEVANT_VARIABLES1&gt;%http_data
Data
Data that the server responded from the HTTP request.&lt;/_array_net.dinglisch.android.tasker.RELEVANT_VARIABLES1&gt;&lt;_array_net.dinglisch.android.tasker.RELEVANT_VARIABLES2&gt;%http_file_output
File Output
Will always contain the file's full path even if you specified a directory as the File to save.&lt;/_array_net.dinglisch.android.tasker.RELEVANT_VARIABLES2&gt;&lt;_array_net.dinglisch.android.tasker.RELEVANT_VARIABLES3&gt;%http_response_code
Response Code
The HTTP Code the server responded&lt;/_array_net.dinglisch.android.tasker.RELEVANT_VARIABLES3&gt;&lt;_array_net.dinglisch.android.tasker.RELEVANT_VARIABLES4&gt;%http_headers()
Response Headers
The HTTP Headers the server sent in the response. Each header is in the 'key:value' format&lt;/_array_net.dinglisch.android.tasker.RELEVANT_VARIABLES4&gt;&lt;_array_net.dinglisch.android.tasker.RELEVANT_VARIABLES5&gt;%http_response_length
Response Length
The size of the response in bytes&lt;/_array_net.dinglisch.android.tasker.RELEVANT_VARIABLES5&gt;&lt;/StringArray&gt;</net.dinglisch.android.tasker.RELEVANT_VARIABLES>
					<net.dinglisch.android.tasker.RELEVANT_VARIABLES-type>[Ljava.lang.String;</net.dinglisch.android.tasker.RELEVANT_VARIABLES-type>
				</Vals>
			</Bundle>
			<Int sr="arg1" val="0"/>
			<Int sr="arg10" val="0"/>
			<Int sr="arg11" val="0"/>
			<Int sr="arg12" val="1"/>
			<Str sr="arg2" ve="3">http://192.168.X.Y/cm?cmnd=Power%20off</Str>
			<Str sr="arg3" ve="3"/>
			<Str sr="arg4" ve="3"/>
			<Str sr="arg5" ve="3"/>
			<Str sr="arg6" ve="3"/>
			<Str sr="arg7" ve="3"/>
			<Int sr="arg8" val="30"/>
			<Int sr="arg9" val="0"/>
		</Action>
		<Action sr="act7" ve="7">
			<code>523</code>
			<Str sr="arg0" ve="3">Tasker Disabled</Str>
			<Str sr="arg1" ve="3">Charging was finished.</Str>
			<Str sr="arg10" ve="3"/>
			<Str sr="arg11" ve="3">super_tasker_notifications_created_by_me_the_developer</Str>
			<Img sr="arg2" ve="2">
				<nme>mw_notification_sync_disabled</nme>
			</Img>
			<Int sr="arg3" val="0"/>
			<Int sr="arg4" val="0"/>
			<Int sr="arg5" val="1"/>
			<Int sr="arg6" val="0"/>
			<Int sr="arg7" val="8"/>
			<Int sr="arg8" val="0"/>
			<Str sr="arg9" ve="3"/>
		</Action>
		<Action sr="act8" ve="7">
			<code>130</code>
			<Str sr="arg0" ve="3">DisableTasker</Str>
			<Int sr="arg1">
				<var>%priority</var>
			</Int>
			<Int sr="arg10" val="1"/>
			<Str sr="arg2" ve="3"/>
			<Str sr="arg3" ve="3"/>
			<Str sr="arg4" ve="3"/>
			<Int sr="arg5" val="0"/>
			<Int sr="arg6" val="0"/>
			<Str sr="arg7" ve="3"/>
			<Int sr="arg8" val="0"/>
			<Int sr="arg9" val="0"/>
		</Action>
		<Action sr="act9" ve="7">
			<code>137</code>
			<Int sr="arg0" val="0"/>
			<Str sr="arg1" ve="3"/>
		</Action>
	</Task>
	<Task sr="task3">
		<cdate>1704472248767</cdate>
		<edate>1708187376957</edate>
		<id>3</id>
		<nme>BatteryVoltageSet</nme>
		<pri>100</pri>
		<Action sr="act0" ve="7">
			<code>547</code>
			<Str sr="arg0" ve="3">%BATT_MAX</Str>
			<Str sr="arg1" ve="3">80</Str>
			<Int sr="arg2" val="0"/>
			<Int sr="arg3" val="0"/>
			<Int sr="arg4" val="0"/>
			<Int sr="arg5" val="3"/>
			<Int sr="arg6" val="1"/>
		</Action>
	</Task>
	<Task sr="task4">
		<cdate>1704566867353</cdate>
		<edate>1708187374831</edate>
		<id>4</id>
		<nme>DisableTasker</nme>
		<pri>100</pri>
		<Action sr="act0" ve="7">
			<code>139</code>
		</Action>
		<Action sr="act1" ve="7">
			<code>137</code>
			<Int sr="arg0" val="0"/>
			<Str sr="arg1" ve="3"/>
		</Action>
	</Task>
	<Task sr="task5">
		<cdate>1704566896100</cdate>
		<edate>1708187466733</edate>
		<id>5</id>
		<nme>EnableTasker</nme>
		<pri>100</pri>
		<Action sr="act0" ve="7">
			<code>430</code>
			<Bundle sr="arg0">
				<Vals sr="val">
					<net.dinglisch.android.tasker.RELEVANT_VARIABLES>&lt;StringArray sr=""/&gt;</net.dinglisch.android.tasker.RELEVANT_VARIABLES>
					<net.dinglisch.android.tasker.RELEVANT_VARIABLES-type>[Ljava.lang.String;</net.dinglisch.android.tasker.RELEVANT_VARIABLES-type>
				</Vals>
			</Bundle>
			<Int sr="arg1" val="0"/>
		</Action>
	</Task>
	<Task sr="task6">
		<cdate>1704455090245</cdate>
		<edate>1708187433551</edate>
		<id>6</id>
		<nme>CharginOff</nme>
		<pri>100</pri>
		<Action sr="act0" ve="7">
			<code>339</code>
			<Bundle sr="arg0">
				<Vals sr="val">
					<net.dinglisch.android.tasker.RELEVANT_VARIABLES>&lt;StringArray sr=""&gt;&lt;_array_net.dinglisch.android.tasker.RELEVANT_VARIABLES0&gt;%http_cookies
Cookies
The cookies the server sent in the response in the Cookie:COOKIE_VALUE format. You can use this directly in the 'Headers' field of the HTTP Request action&lt;/_array_net.dinglisch.android.tasker.RELEVANT_VARIABLES0&gt;&lt;_array_net.dinglisch.android.tasker.RELEVANT_VARIABLES1&gt;%http_data
Data
Data that the server responded from the HTTP request.&lt;/_array_net.dinglisch.android.tasker.RELEVANT_VARIABLES1&gt;&lt;_array_net.dinglisch.android.tasker.RELEVANT_VARIABLES2&gt;%http_file_output
File Output
Will always contain the file's full path even if you specified a directory as the File to save.&lt;/_array_net.dinglisch.android.tasker.RELEVANT_VARIABLES2&gt;&lt;_array_net.dinglisch.android.tasker.RELEVANT_VARIABLES3&gt;%http_response_code
Response Code
The HTTP Code the server responded&lt;/_array_net.dinglisch.android.tasker.RELEVANT_VARIABLES3&gt;&lt;_array_net.dinglisch.android.tasker.RELEVANT_VARIABLES4&gt;%http_headers()
Response Headers
The HTTP Headers the server sent in the response. Each header is in the 'key:value' format&lt;/_array_net.dinglisch.android.tasker.RELEVANT_VARIABLES4&gt;&lt;_array_net.dinglisch.android.tasker.RELEVANT_VARIABLES5&gt;%http_response_length
Response Length
The size of the response in bytes&lt;/_array_net.dinglisch.android.tasker.RELEVANT_VARIABLES5&gt;&lt;/StringArray&gt;</net.dinglisch.android.tasker.RELEVANT_VARIABLES>
					<net.dinglisch.android.tasker.RELEVANT_VARIABLES-type>[Ljava.lang.String;</net.dinglisch.android.tasker.RELEVANT_VARIABLES-type>
				</Vals>
			</Bundle>
			<Int sr="arg1" val="0"/>
			<Int sr="arg10" val="0"/>
			<Int sr="arg11" val="0"/>
			<Int sr="arg12" val="1"/>
			<Str sr="arg2" ve="3">http://192.168.X.Y/cm?cmnd=Power%20off</Str>
			<Str sr="arg3" ve="3"/>
			<Str sr="arg4" ve="3"/>
			<Str sr="arg5" ve="3"/>
			<Str sr="arg6" ve="3"/>
			<Str sr="arg7" ve="3"/>
			<Int sr="arg8" val="30"/>
			<Int sr="arg9" val="0"/>
		</Action>
	</Task>
	<Task sr="task8">
		<cdate>1704567077264</cdate>
		<edate>1708187369189</edate>
		<id>8</id>
		<nme>SetupTile</nme>
		<pri>100</pri>
		<Action sr="act0" ve="7">
			<code>162</code>
			<Int sr="arg0" val="0"/>
			<Str sr="arg1" ve="3"/>
			<Str sr="arg10" ve="3"/>
			<Str sr="arg11" ve="3"/>
			<Str sr="arg12" ve="3"/>
			<Int sr="arg2" val="1"/>
			<Int sr="arg3" val="0"/>
			<Str sr="arg4" ve="3"/>
			<Str sr="arg5" ve="3"/>
			<Str sr="arg6" ve="3">EnableTasker</Str>
			<Str sr="arg7" ve="3"/>
			<Str sr="arg8" ve="3">Enable/Disable Tasker</Str>
			<Str sr="arg9" ve="3"/>
		</Action>
	</Task>
</TaskerData>
